subreddit,Mean Correlation
news.csv,0.07542961116836852
Liberal.csv,0.07165014712083657
AskReddit.csv,0.06737785841001072
todayilearned.csv,0.06686257236779723
mildlyinteresting.csv,0.06569420238134767
australia.csv,0.06269599817936032
politics.csv,0.062058519478793824
worldnews.csv,0.05998525044318793
movies.csv,0.05933386936592158
AskMen.csv,0.05891278651620455
TrueOffMyChest.csv,0.05875992051336333
apple.csv,0.05853024478086234
baseball.csv,0.05720357975711069
NoStupidQuestions.csv,0.0559875414963142
AskWomen.csv,0.05523853970690364
leagueoflegends.csv,0.054692911669007645
teenagers.csv,0.05338561549370703
nba.csv,0.051535965010364296
nfl.csv,0.05145409034689089
unpopularopinion.csv,0.05105444038794572
tifu.csv,0.050413294289045084
IAmA.csv,0.05037755971127793
soccer.csv,0.050327383795881406
Jokes.csv,0.04903093481871336
NoFap.csv,0.04891010873927989
relationships.csv,0.047852011733630906
LifeProTips.csv,0.04767718628766424
Fitness.csv,0.04735395717067143
NintendoSwitch.csv,0.04620197814089583
explainlikeimfive.csv,0.04605266513988351
anime.csv,0.04594461892891712
sysadmin.csv,0.04575252243525894
MensRights.csv,0.045142240898041794
TwoXChromosomes.csv,0.045124947504136474
sex.csv,0.04429762884520403
AmItheAsshole.csv,0.04427671625250852
Cooking.csv,0.043487881345672365
Games.csv,0.04336919264383729
buildapc.csv,0.04302698174470957
relationship_advice.csv,0.04279688426814657
Minecraft.csv,0.04080242647534119
MaliciousCompliance.csv,0.040645553525195804
CasualUK.csv,0.04063692000219649
personalfinance.csv,0.040092130593646705
CryptoCurrency.csv,0.039511721122309586
Twitch.csv,0.039303152509082256
Conservative.csv,0.0369974429601558
askscience.csv,0.036835253656432476
Piracy.csv,0.03658310952825649
techsupport.csv,0.034939224337378026
FemaleDatingStrategy.csv,0.03275275602844488
copypasta.csv,0.03095106665022658
antiwork.csv,0.030405719131450674
AgainstHateSubreddits.csv,0.02357746377567266
