subreddit,correlation
TrueUnpopularOpinion,0.15772605944556695
news,0.09624514898524408
worldnews,0.09378449901033208
RedPillWomen,0.060752929942487974
nba,0.05977861955542471
MaliciousCompliance,0.057468478404774044
anime,0.055539423827778066
Twitch,0.05294398920310522
Games,0.05056986548148319
todayilearned,0.048787180341776946
politics,0.04684645614524181
personalfinance,0.04597961174050659
movies,0.04562069705798781
Conservative,0.045440828483163984
Minecraft,0.042802617027364355
nfl,0.040054262590936085
leagueoflegends,0.03791202122203246
IAmA,0.0361539970661069
Cooking,0.03515498568858452
FemaleDatingStrategy,0.03314382642958864
Fitness,0.030753494234032175
Piracy,0.02989454418661868
MensRights,0.025971968156630207
relationships,0.025566413575618473
mildlyinteresting,0.024890852415230535
AskMen,0.02345773485967377
tifu,0.023377038210852373
explainlikeimfive,0.022570187345564617
copypasta,0.02239086094891412
NintendoSwitch,0.02191098802192415
techsupport,0.02026767513490411
buildapc,0.019665982647168054
relationship_advice,0.01797782300916652
cursedcomments,0.017854235693217813
australia,0.016513725370780663
sex,0.014632528009689071
soccer,0.013997222029966984
apple,0.013369870317237935
LifeProTips,0.012517701018013146
sysadmin,0.011930895928197594
NoStupidQuestions,0.005148083902524622
AskReddit,0.0031600888785837666
AgainstHateSubreddits,0.0016024657359867429
baseball,0.0013559500185771761
AmItheAsshole,0.00017329074714040682
TrueOffMyChest,-0.0019809328643529186
CryptoCurrency,-0.00373237447468363
askscience,-0.005576866322996813
TwoXChromosomes,-0.01255621221569525
NoFap,-0.01448321501015045
AskWomen,-0.015395091098932393
teenagers,-0.022190325559873752
Tinder,-0.02556980769210693
unpopularopinion,-0.03459198128760546
CasualUK,-0.04299050160917488
Liberal,-0.04451437491883284
antiwork,-0.04736322473034656
Jokes,-0.050910355092637714
